distance,genus,guild,distribution,diversity,n,diptera,araneae,crustacea,termites,lepididoptera,ants,species
10,agelena,web,temperate,1.478369462,806,161,0,1,0,78,8,Agelena.labyrinthica
10,agelenopsis,web,subtropical,1.491658926,1047,317,0,0,0,460,8,Agelenopsis.aperta
10,agelenopsis,web,temperate,2.259975421,59,19,2,0,0,6,1,Agelenopsis.naevia
10,allagelena,web,temperate,1.12791618,210,18,2,0,0,0,4,Allagelena.gracilens
10,malthonica,web,temperate,2.206398679,491,138,1,2,0,29,85,Malthonica.ferruginea
10,tegenaria,web,temperate,1.791759469,6,0,1,1,0,1,1,Tegenaria.atrica
10,argyroneta,web,temperate,1.098612289,3,0,1,1,0,0,0,Argyroneta.aquatica
10,badumna,cursorial,cosmopolitan,1.986530237,20,6,1,0,0,2,0,Badumna.insignis
10,badumna,web,temperate,1.951185392,557,318,7,2,0,39,22,Badumna.longinqua
10,desis,cursorial,subtropical,0.80650461,19,1,1,16,0,0,0,Desis.formidabilis
10,desis,cursorial,temperate,0,1,0,0,1,0,0,0,Desis.marina
10,phryganoporus,cursorial,subtropical,0.064581436,84,0,0,0,0,0,0,Phryganoporus.candidus
9,tartarus,web,subtropical,0.636514168,3,0,0,0,0,0,0,Tartarus.mullamullangensis
9,amaurobius,web,temperate,0.935432967,104,75,1,2,0,1,1,Amaurobius.ferox
9,amaurobius,web,temperate,2.397895273,11,1,1,2,0,0,0,Amaurobius.similis
9,coelotes,web,temperate,2.264117816,26,2,2,1,0,1,1,Coelotes.sp
9,coelotes,web,temperate,1.22814915,305,52,1,1,0,0,4,Coelotes.terrestris
9,coras,web,temperate,1.611065676,17,6,1,0,0,0,0,Coras.medicinalis
11,ancylometes,cursorial,subtropical,1.039720771,4,0,1,0,0,0,0,Ancylometes.concolor
11,cupiennius,cursorial,subtropical,2.926417555,20,2,2,1,0,1,1,Cupiennius.salei
11,cheiracanthium,cursorial,temperate,1.470808476,10,3,0,0,0,4,0,Cheiracanthium.mildei
11,cheiracanthium,cursorial,temperate,0.693147181,10,5,0,0,0,5,0,Cheiracanthium.sp
13,allocosa,cursorial,tropical,1.631278645,52,11,17,0,0,3,10,Allocosa.brasiliensis
13,alopecosa,cursorial,temperate,0.732408192,3,0,1,0,0,0,0,Alopecosa.accentuata
13,arctosa,cursorial,temperate,1.604649408,84,25,13,0,0,0,2,Arctosa.cinerea
13,arctosa,cursorial,temperate,2.277651113,310,59,63,0,16,22,12,Arctosa.littoralis
13,geolycosa,cursorial,temperate,2.087942428,29,6,1,0,0,3,0,Geolycosa.fatifera
13,hogna,cursorial,temperate,1.974352209,149,19,6,0,0,11,2,Hogna.antelucana
13,hogna,cursorial,subtropical,1.939213639,89,7,1,0,0,3,0,Hogna.carolinensis
13,hogna,cursorial,temperate,1.702686918,132,3,19,0,0,13,1,Hogna.lenta
13,lycosa,cursorial,temperate,1.333473039,16,0,1,0,0,1,0,Lycosa.singoriensis
13,lycosa,cursorial,temperate,1.370634948,67,0,5,15,0,0,0,Lycosa.tarentula
13,lycosa,cursorial,subtropical,1.586107156,120,36,8,0,0,6,0,Lycosa.terrestris
13,pardosa,cursorial,temperate,1.712987808,175,33,35,0,0,2,0,Pardosa.agrestis
13,pardosa,cursorial,temperate,1.521774457,54,32,5,0,0,0,0,Pardosa.amentata
13,pardosa,cursorial,subtropical,1.690240774,97,24,11,0,0,4,0,Pardosa.birmanica
13,pardosa,cursorial,subtropical,1.549826046,7,3,1,0,0,0,0,Pardosa.floridana
13,pardosa,cursorial,temperate,1.97742941,126,45,15,1,0,17,0,Pardosa.hokkaido
13,pardosa,cursorial,temperate,2.030270243,333,82,86,0,0,15,0,Pardosa.lugubris
13,pardosa,cursorial,temperate,1.433495392,21,13,1,0,0,0,0,Pardosa.palustris
13,pardosa,cursorial,subtropical,0.738091744,1654,60,166,0,0,0,0,Pardosa.pseudoannulata
13,pardosa,cursorial,temperate,1.624503137,85,19,29,0,0,0,0,Pardosa.pullata
13,pardosa,cursorial,temperate,2.09134148,331,73,65,0,0,4,0,Pardosa.ramulosa
13,pardosa,cursorial,temperate,1.579186055,51,22,5,0,0,3,0,Pardosa.saxatilis
13,pardosa,cursorial,temperate,2.375455563,64,10,6,0,3,5,8,Pardosa.sierra
13,pardosa,cursorial,temperate,1.703700016,23,8,1,0,0,0,0,Pardosa.pauxilla
13,pirata,cursorial,temperate,1.461524198,238,32,58,1,0,1,0,Pirata.piraticus
13,pirata,cursorial,temperate,2.249572593,27,4,8,2,0,1,0,Pirata.piscatorius
13,pirata,cursorial,temperate,1.521852499,39,6,3,0,0,0,0,Pirata.subpiraticus
13,schizocosa,cursorial,temperate,2.11664219,60,16,1,0,0,6,1,Schizocosa.avida
13,sosippus,cursorial,temperate,2.674184092,619,149,35,0,28,32,19,Sosippus.floridanus
13,trochosa,cursorial,temperate,0.845646928,88,2,1,0,0,0,0,Trochosa.ruricola
13,trechalea,cursorial,subtropical,0,1,0,0,1,0,0,0,Trechalea.extensa
13,trechaleoides,cursorial,subtropical,2.079441542,8,1,0,1,0,1,1,Trechaleoides.biocellata
12,architis,cursorial,tropical,2.397895273,11,2,1,0,0,1,1,Architis.tenuis
12,dendrolycosa,cursorial,tropical,1.938245879,81,44,2,0,6,2,2,Dendrolycosa.sp
12,dolomedes,cursorial,temperate,1.350490043,80,38,1,0,0,0,0,Dolomedes.aquaticus
12,dolomedes,cursorial,temperate,2.115449646,363,121,68,0,0,13,4,Dolomedes.fimbriatus
12,dolomedes,cursorial,temperate,1.452044073,17,5,1,0,0,0,0,Dolomedes.tenebrosus
12,dolomedes,cursorial,temperate,2.009208652,627,128,50,0,0,32,12,Dolomedes.triton
12,hygropoda,cursorial,tropical,1.775702194,84,51,3,0,3,8,0,Hygropoda.dolomedes
12,pisaura,cursorial,temperate,1.891669588,38,13,8,0,0,2,0,Pisaura.mirabilis
12,pisaurina,cursorial,temperate,1.949968462,21,2,1,0,0,1,0,Pisaurina.mira
12,thalassius,cursorial,tropical,1.791759469,6,1,0,2,0,1,0,Thalassius.spinosissimus
12,oxyopes,cursorial,temperate,1.457461962,67,12,6,0,0,12,32,Oxyopes.globifer
12,oxyopes,cursorial,tropical,1.799546172,68,13,8,0,0,18,1,Oxyopes.javanus
12,oxyopes,cursorial,temperate,1.981124622,87,22,7,0,0,2,18,Oxyopes.lineatus
12,oxyopes,cursorial,subtropical,2.109520167,142,26,19,0,0,2,21,Oxyopes.salticus
12,oxyopes,cursorial,temperate,0.693147181,2,0,1,0,0,0,1,Oxyopes.scalaris
12,peucetia,cursorial,subtropical,0.425848449,18,0,16,0,0,0,0,Peucetia.flava
12,peucetia,cursorial,temperate,1.722041744,97,21,6,0,0,5,3,Peucetia.viridans
12,fecenia,web,tropical,2.197224577,9,1,0,0,0,1,0,Fecenia.sp
10,ammoxenus,cursorial,subtropical,0,25,0,0,0,25,0,0,Ammoxenus.amphalodes
10,ammoxenus,cursorial,subtropical,0,5,0,0,0,5,0,0,Ammoxenus.coccineus
10,ammoxenus,cursorial,subtropical,0,5,0,0,0,5,0,0,Ammoxenus.daedalus
10,ammoxenus,cursorial,subtropical,0,17,0,0,0,17,0,0,Ammoxenus.pentheri
10,rastellus,cursorial,subtropical,0,1,0,0,0,1,0,0,Rastellus.sabulosus
10,galianoella,cursorial,temperate,0,10,0,0,0,0,0,10,Galianoella.leucostigma
11,aphantaulax,cursorial,subtropical,0,6,0,0,0,6,0,0,Aphantaulax.stationis
11,asemethes,cursorial,subtropical,0.693147181,2,0,1,0,0,0,1,Asemesthes.lineatus
11,berlandina,cursorial,temperate,0,1,0,0,0,0,0,1,Berlandina.sp
11,callilepis,cursorial,temperate,0,15,0,0,0,0,0,15,Callilepis.nocturna
11,cesonia,cursorial,subtropical,0,1,0,1,0,0,0,0,Cesonia.sp
11,drassodes,cursorial,temperate,0.964694623,20,1,15,0,1,0,0,Drassodes.lapidossus
11,drassodes,cursorial,temperate,0,1,0,1,0,0,0,0,Drassodes.neglectus
11,drassodes,cursorial,temperate,0.271189373,13,0,1,0,0,0,12,Drassodes.sp
11,eilica,cursorial,tropical,0,5,0,0,0,0,0,5,Eilica.sp
11,gnaphosa,cursorial,temperate,0.99344573,77,0,0,0,0,0,4,Gnaphosa.lucifuga
11,gnaphosa,cursorial,temperate,0.693147181,2,0,1,0,0,0,0,Gnaphosa.sp
11,herpyllus,cursorial,temperate,0,1,0,1,0,0,0,0,Herpyllus.hesperolus
11,leptodrassus,cursorial,subtropical,0.673011667,5,0,0,0,3,0,0,Leptodrassus.sp
11,micaria,cursorial,temperate,0.562335145,4,1,0,0,0,0,0,Micaria.dives
11,micaria,cursorial,temperate,1.791759469,6,1,1,0,0,0,0,Micaria.sociabilis
11,nomisia,cursorial,temperate,0,1,0,0,0,0,0,1,Nomisia.celerrima
11,nomisia,cursorial,temperate,2.059321445,63,8,9,0,5,8,10,Nomisia.exornata
11,pterotricha,cursorial,temperate,0,1,0,0,0,0,0,1,Pterotricha.sp
11,scotophaeus,cursorial,cosmopolitan,1.791759469,6,2,1,0,0,1,0,Scotophaeus.blackwalli
11,taieria,cursorial,temperate,0.760755259,18,2,14,0,0,1,0,Taieria.erebus
11,zelotes,cursorial,subtropical,1.153741943,7,0,1,0,4,0,1,Zelotes.fuligineus
11,theuma,cursorial,subtropical,1.273028337,9,0,2,0,4,0,1,Theuma.fusca
10,lampona,cursorial,subtropical,0,7,0,7,0,0,0,0,Lampona.cylindrata
8,amaurobioides,cursorial,subtropical,0.206192051,19,1,0,18,0,0,0,Amaurobioides.africana
8,anyphaena,cursorial,temperate,1.789295142,96,29,8,0,0,18,0,Anyphaena.accentuata
8,clubiona,cursorial,temperate,1.242453325,6,0,3,0,0,0,0,Clubiona.corticalis
8,clubiona,cursorial,subtropical,1.533382168,23,0,4,0,0,0,4,Clubiona.cycladata
8,clubiona,cursorial,subtropical,1.320297176,71,0,0,0,0,0,26,Clubiona.robusta
8,clubiona,cursorial,temperate,1.092473183,100,32,0,0,0,0,0,Clubiona.phragmitis
8,attacobius,cursorial,tropical,0,4,0,0,0,0,0,4,Attacobius.attarum
8,castianeira,cursorial,temperate,1.660947433,12,4,0,0,0,1,0,Castianeira.descripta
8,corinnomma ,cursorial,subtropical,0,1,0,0,0,0,0,1,Corinnomma.suaverubens
8,falconina,cursorial,tropical,0,11,0,0,0,0,0,11,Falconina.gracilis
8,liophrurillus,cursorial,temperate,1.386294361,4,1,1,0,0,0,0,Liophrurillus.flavitarsis
8,myrmecium,cursorial,tropical,1.098612289,6,0,0,0,0,0,0,Myrmecium.gounellei
8,phrurolinillus,cursorial,temperate,1.098612289,3,1,1,0,0,0,0,Phrurolinillus.lisboensis
8,phrurolithus,cursorial,temperate,0.572280699,27,7,0,0,0,0,0,Phrurolithus.festivus
8,phruronellus,cursorial,temperate,1.609437912,5,1,1,0,0,0,1,Phruronellus.formica
8,sphecotypus,cursorial,tropical,0,1,0,1,0,0,0,0,Sphecotypus.niger
8,supunna,cursorial,subtropical,0.830466324,54,8,41,0,0,2,0,Supunna.picta
8,agroeca,cursorial,temperate,0.693147181,10,5,0,0,0,0,0,Agroeca.sp
8,philodromus,cursorial,temperate,1.098612289,3,0,0,0,0,1,0,Philodromus.aureolus
8,philodromus,cursorial,temperate,1.265764461,96,0,1,0,0,31,0,Philodromus.cespitum
8,philodromus,cursorial,temperate,1.910963735,67,23,4,0,0,9,0,Philodromus.praelustris
8,thanatus,cursorial,subtropical,1.346895246,36,0,3,0,0,0,14,Thanatus.fabricii
8,thanatus,cursorial,temperate,1.550376381,31,3,17,0,0,2,1,Thanatus.imbecillus
8,thanatus,cursorial,temperate,1.663737473,40,3,14,0,0,1,0,Thanatus.vulgaris
8,tibellus,cursorial,temperate,2.043191871,9,2,2,0,0,0,0,Tibellus.oblongus
8,tibellus,cursorial,temperate,1.23879201,65,12,4,0,0,0,0,Tibellus.macellus
8,aelurillus,cursorial,temperate,0.780315381,220,32,0,0,6,0,169,Aelurillus.aeruginosus
8,aelurillus,cursorial,temperate,0.817329734,138,11,0,0,7,0,108,Aelurillus.cognatus
8,aelurillus,cursorial,temperate,0.662075697,180,26,0,0,9,0,143,Aelurillus.kochi
8,aelurillus,cursorial,temperate,2.070816947,58,2,8,0,0,6,18,Aelurillus.m-nigrum
8,aelurillus,cursorial,temperate,2.077538653,63,5,6,0,0,12,11,Aelurillus.muganicus
8,anasaitis,cursorial,subtropical,0.097138529,231,4,0,0,0,0,227,Anasaitis.canosa
8,bagheera,cursorial,tropical,0.42,50,0,0,0,0,0,5,Bagheera.kiplingi
8,brettus,cursorial,tropical,0.589401003,28,3,23,0,0,0,0,Brettus.adonis
8,brettus,cursorial,subtropical,0.490293269,80,10,68,0,0,0,0,Brettus.albolimbatus
8,carrhotus,cursorial,temperate,1.50444238,92,18,29,0,0,20,1,Carrhotus.xanthogramma
8,cobanus,cursorial,subtropical,0.940447989,10,1,7,0,0,1,0,Cobanus.mandibularis
8,cocalus,cursorial,subtropical,1.043743445,69,8,40,0,0,19,0,Cocalus.gibbosus
8,cosmophasis,cursorial,tropical,0.600166073,33,0,0,0,0,0,27,Cosmophasis.bitaeniata
8,cyrba,cursorial,temperate,1.631086883,59,3,33,0,0,3,1,Cyrba.algerina
8,cyrba,cursorial,subtropical,0.639018242,54,4,43,0,7,0,0,Cyrba.ocellata
8,cyrba,cursorial,tropical,0.584716149,39,7,31,0,1,0,0,Cyrba.simoni
8,cytaea,cursorial,subtropical,0,1,1,0,0,0,0,0,Cytaea.piscula
8,euophrys,cursorial,temperate,2.079441542,8,2,0,0,1,0,1,Euophrys.sp
8,evarcha,cursorial,temperate,2.063703736,13,2,2,0,0,1,0,Evarcha.arcuata
8,evarcha,cursorial,tropical,0.760418023,201,187,8,0,0,4,0,Evarcha.culicivora
8,gelotia,cursorial,tropical,0.830517825,13,2,9,0,0,2,0,Gelotia.syringopalpis
8,goleba,cursorial,tropical,0.6,26,17,0,0,0,9,0,Goleba.puella
8,heliophanus,cursorial,temperate,1.716860928,50,13,17,0,0,8,1,Heliophanus.dunini
8,heliophanus,cursorial,subtropical,0.775115606,71,4,0,0,55,0,0,Heliophanus.termitophagus
8,hentzia,cursorial,subtropical,0,5,0,0,0,0,0,5,Hentzia.palmarum
8,chalcotropis,cursorial,tropical,2.397895273,11,2,0,0,1,1,1,Chalcotropis.sp
8,chrysilla,cursorial,subtropical,0.362210557,17,2,0,0,0,0,15,Chrysilla.lauta
8,icius,cursorial,temperate,0,1,0,0,0,0,0,1,Icius.sp
8,jacksonoides,cursorial,subtropical,1.777845892,25,6,10,0,2,3,2,Jacksonoides.queenslandicus
8,marpissa,cursorial,tropical,1.261186179,457,243,0,0,0,0,0,Marpissa.tigrina
8,mashonarus,cursorial,subtropical,0.566085739,12,1,0,0,10,0,0,Mashonarus.guttatus
8,menemerus,cursorial,subtropical,1.139857654,95,71,10,0,0,6,1,Menemerus.semilimbatus
8,menemerus,cursorial,temperate,1.67655395,63,21,8,0,0,20,4,Menemerus.taeniatus
8,mexcala,cursorial,subtropical,1.559918377,92,13,1,0,12,9,43,Mexcala.elegans
8,microheros,cursorial,subtropical,0,10,0,0,0,10,0,0,Microheros.termitophagus
8,myrmarachne,cursorial,temperate,1.240684292,11,5,1,2,0,0,0,Myrmarachne.formicaria
8,myrmarachne,cursorial,tropical,1.098612289,3,1,0,0,0,0,0,Myrmarachne.lawrencei
8,myrmarachne,cursorial,subtropical,1.386294361,4,2,1,0,0,1,0,Myrmarachne.lupata
8,myrmarachne,cursorial,tropical,1.156564164,117,7,37,0,0,1,1,Myrmarachne.melanotarsa
8,myrmarachne,cursorial,tropical,0.900256051,8,2,0,0,0,0,5,Myrmarachne.plataleoides
8,myrmarachne,cursorial,subtropical,0.693147181,2,1,0,0,0,0,0,Myrmarachne.striatipes
8,naphrys,cursorial,temperate,0.664528439,21,8,0,0,0,0,13,Naphrys.pulex
8,natta,cursorial,tropical,0.368296833,58,7,0,0,0,0,51,Natta.horizontalis
8,onomastus,web,tropical,0.6,23,17,0,0,0,6,0,Onomastus.nigricaudus
8,paracyrba,cursorial,tropical,2.005766038,84,33,5,5,0,0,1,Paracyrba.wanlessi
8,pelegrina,cursorial,temperate,0.45521966,38,0,4,0,0,1,0,Pelegrina.galathea
8,phaecius,cursorial,tropical,1.153741943,7,1,4,0,0,1,0,Phaeacius.malayensis
8,phiddipus,cursorial,temperate,2.0098744,181,43,17,0,0,12,0,Phiddipus.audax
8,phiddipus,cursorial,temperate,1.557113098,10,3,0,0,0,0,1,Phidippus.clarus
8,phiddipus,cursorial,temperate,1.9606672,39,15,9,0,0,3,1,Phidippus.johnsoni
8,phlegra,cursorial,subtropical,0,2,0,0,0,2,0,0,Phlegra.sp
8,phyaces,cursorial,tropical,1.060944241,14,3,6,0,0,0,0,Phyaces.comosus
8,plexippus,cursorial,cosmopolitan,2.180839527,17,5,4,0,0,1,0,Plexippus.paykulli
8,portia,cursorial,tropical,0.430880931,84,13,71,0,0,0,0,Portia.africana
8,portia,cursorial,tropical,0.276827051,105,3,99,0,0,3,0,Portia.fimbriata
8,portia,cursorial,tropical,0.562335145,60,15,45,0,0,0,0,Portia.labiata
8,portia,cursorial,tropical,0.465999257,51,9,42,0,0,0,0,Portia.schultzi
8,pseudicius,cursorial,temperate,0.898137003,13,8,5,0,0,0,0,Pseudicius.encarpatus
8,salticus,cursorial,temperate,0.571894092,46,41,0,0,0,4,0,Salticus.austinensis
8,salticus,cursorial,temperate,0.816589914,134,115,7,0,0,4,0,Salticus.scenicus
8,salticus,cursorial,subtropical,1.427246471,40,26,1,0,0,1,1,Salticus.tricinctus
8,siler,cursorial,subtropical,0.129740695,35,1,0,0,0,0,34,Siler.cupreus
8,siler,cursorial,tropical,0.529706199,18,4,0,0,0,0,14,Siler.semiglaucus
8,siler,cursorial,subtropical,1.945910149,7,2,0,0,1,0,1,Siler.sp
8,simaetha,cursorial,tropical,0.79631164,7,1,5,0,0,1,0,Simaetha.paetula
8,stenaelurillus,cursorial,subtropical,0,37,0,0,0,37,0,0,Stenaelurillus.natalensis
8,synageles,cursorial,temperate,1.320888343,8,3,1,2,0,0,0,Synageles.venator
8,tauala,cursorial,subtropical,1.604282811,23,14,4,0,0,1,0,Tauala.lepidus
8,trite,cursorial,temperate,1.235077073,30,23,0,0,0,0,2,Trite.planiceps
8,tutelina,cursorial,temperate,0,44,0,0,0,0,0,44,Tutelina.similis
8,yllenus,cursorial,temperate,1.980710206,83,25,8,0,0,2,4,Yllenus.arenarius
8,zenodorus,cursorial,tropical,0.659927418,393,12,0,0,5,3,340,Zenodorus.durvillei
8,zenodorus,cursorial,tropical,0.55520819,586,24,0,0,13,6,520,Zenodorus.metallescens
8,zenodorus,cursorial,subtropical,0.76243313,322,28,0,0,7,0,22,Zenodorus.orbiculatus
8,slenops,cursorial,temperate,0.693147181,10,5,0,0,0,0,0,Selenops.sp
8,carparachne,cursorial,subtropical,1.200253402,43,1,1,0,0,2,2,Carparachne.aureoflava
8,holconia,cursorial,subtropical,1.846220219,11,0,3,0,0,1,0,Holconia.immanis
8,leucorchestris,cursorial,subtropical,1.161058816,641,3,21,0,2,91,19,Leucorchestris.arenicola
8,leucorchestris,cursorial,subtropical,1.391299052,71,0,7,0,0,5,30,Leucorchestris.steyni
8,olios,cursorial,subtropical,1.609437912,5,1,0,0,0,1,0,Olios.sp
8,amyciaea,cursorial,tropical,0,20,0,0,0,0,0,20,Amyciaea.albomaculata
8,amyciaea,cursorial,tropical,0,5,0,0,0,0,0,5,Amyciaea.forticeps
8,aphantochilus,cursorial,tropical,0,306,0,0,0,0,0,306,Aphantochilus.rogersi
8,bucranium,cursorial,tropical,0,5,0,0,0,0,0,5,Bucranium.taurifrons
8,diaea,cursorial,subtropical,1.386294361,4,0,0,0,0,1,1,Diaea.socialis
8,hedana,cursorial,subtropical,0,1,0,0,0,0,1,0,Hedana.valida
8,mecaphesa,cursorial,temperate,0,5,0,0,0,0,0,5,Mecaphesa.coloradensis
8,mecaphesa,cursorial,temperate,0,1,0,0,0,0,0,1,Mecaphesa.lepida
8,mecaphesa,cursorial,temperate,1.138404741,35,4,2,0,0,4,0,Mecaphesa.celer
8,misumena,cursorial,temperate,1.586809142,269,137,1,0,0,19,3,Misumena.vatia
8,misumenops,cursorial,tropical,1.791759469,33,1,0,0,0,10,1,Misumenops.pallidus
8,phrynarachne,cursorial,tropical,0,1,0,0,0,0,1,0,Phrynarachne.decipiens
8,runcinia,cursorial,cosmopolitan,1.068451207,44,29,6,0,0,4,1,Runcinia.grammica
8,runcinioides,cursorial,tropical,2.186724645,76,11,5,0,0,13,13,Runcinioides.argenteus
8,saccodomus,cursorial,subtropical,0,5,0,0,0,0,0,5,Saccodomus.formivorus
8,stephanopis,cursorial,subtropical,0,1,0,1,0,0,0,0,Stephanopis.scabra
8,strophius,cursorial,tropical,0,5,0,0,0,0,0,5,Strophius.nigricans
8,thomisus,cursorial,temperate,1.504451031,125,66,6,0,0,2,21,Thomisus.onustus
8,tmarus,cursorial,temperate,0,4,0,0,0,0,0,0,Tmarus.piger
8,tmarus,cursorial,tropical,0,32,0,0,0,0,0,32,Tmarus.stolzmanni
8,xysticus,cursorial,temperate,0.319802064,293,274,1,0,0,2,0,Xysticus.bifasciatus
8,xysticus,cursorial,temperate,0.693147181,2,0,1,0,0,0,1,Xysticus.bufo
8,xysticus,cursorial,temperate,0.500402424,5,0,1,0,0,0,4,Xysticus.californicus
8,xysticus,cursorial,temperate,2.119257073,207,57,25,0,0,5,8,Xysticus.cristatus
8,xysticus,cursorial,temperate,1.423338174,134,88,9,0,0,4,6,Xysticus.erraticus
8,xysticus,cursorial,temperate,1.6448587,86,0,25,0,0,1,5,Xysticus.loeffleri
8,xysticus,cursorial,temperate,0.693147181,2,0,1,0,0,0,1,Xysticus.sabulosus
8,xysticus,cursorial,temperate,1.866071184,56,26,5,0,0,1,6,Xysticus.sp
8,dictyna,web,temperate,1.48081884,748,413,2,0,0,2,0,Dictyna.arundinacea
8,dictyna,web,subtropical,0.535246848,85,75,1,0,0,1,0,Dictyna.calcarata
8,dictyna,web,temperate,1.549826046,7,3,1,0,0,0,1,Dictyna.civica
8,dictyna,web,temperate,1.603430218,3594,1698,20,0,0,3,133,Dictyna.coloradensis
8,dictyna,web,temperate,1.140055666,130,97,1,0,0,0,0,Dictyna.foliacea
8,dictyna,web,temperate,0.979942132,24319,10528,2,0,0,1,30,Dictyna.sp
8,dictyna,web,temperate,0.865754383,104,80,1,0,0,3,0,Dictyna.uncinata
8,emblyna,web,temperate,1.153651933,227,169,11,0,0,4,0,Emblyna.annulipes
8,emblyna,web,temperate,0.703568521,1834,1643,1,0,0,0,18,Emblyna.jonesae
8,mallos,web,subtropical,0.433553541,129,115,0,0,0,0,0,Mallos.gregalis
8,mallos,web,subtropical,0.495614095,126,113,1,0,0,0,0,Mallos.niveus
8,mexitlia,web,subtropical,0.47835454,248,221,5,0,0,16,0,Mexitlia.trivittata
8,phantyna,web,subtropical,1.036033483,28,8,0,0,0,0,3,Phantyna.segregata
8,tuberta,web,temperate,1.386294361,4,1,0,0,0,0,0,Tuberta.maerens
8,homalonychus,cursorial,subtropical,1.386294361,20,5,5,0,0,0,0,Homalonychus.sp
8,cryptothele,cursorial,tropical,0,1,0,0,0,1,0,0,Cryptothele.sundaica
8,diores,cursorial,tropical,0,1,0,0,0,1,0,0,Diores.magicus
8,diores,cursorial,tropical,0,1,0,0,0,1,0,0,Diores.miombo
8,diores,cursorial,subtropical,0,1,0,0,0,0,0,1,Diores.poweri
8,diores,cursorial,tropical,0,1,0,0,0,1,0,0,Diores.rectus
8,diores,cursorial,subtropical,0,1,0,0,0,1,0,0,Diores.termitophagus
8,habronestes,cursorial,subtropical,0,20,0,0,0,0,0,20,Habronestes.bradleyi
8,lachesana,cursorial,subtropical,1.945910149,7,1,1,0,1,0,1,Lachesana.insensibilis
8,lachesana,cursorial,temperate,0.500402424,10,0,0,2,0,0,8,Lachesana.tarabaevi
8,leprolochus,cursorial,subtropical,0,1,0,0,0,0,0,1,Leprolochus.birabeni
8,lutica,cursorial,temperate,1.397204798,17,0,2,0,1,0,0,Lutica.sp
8,mallinella,cursorial,tropical,0,5,0,0,0,0,0,5,Mallinella.sp
8,pax,cursorial,temperate,2.197224577,9,1,1,0,1,0,1,Pax.islamita
8,psammoduon,cursorial,subtropical,1.123094631,29,7,3,0,0,1,0,Psammoduon.deserticola
8,selamia,cursorial,temperate,2.302585093,10,1,1,1,0,1,1,Selamia.reticulata
8,trygetus,cursorial,temperate,0,15,0,0,0,0,0,15,Trygetus.sexoculatus
8,zodariellum,cursorial,temperate,0,10,0,0,0,0,0,10,Zodariellum.asiaticum
8,zodariellum,cursorial,subtropical,0,1,0,0,0,0,0,1,Zodariellum.sahariense
8,zodarion,cursorial,temperate,0,7,0,0,0,0,0,7,Zodarion.alacre
8,zodarion,cursorial,temperate,0,6,0,0,0,0,0,6,Zodarion.atlanticum
8,zodarion,cursorial,subtropical,0,1,0,0,0,0,0,1,Zodarion.bicoloripes
8,zodarion,cursorial,subtropical,0,30,0,0,0,0,0,30,Zodarion.cyrenaicum
8,zodarion,cursorial,subtropical,0,10,0,0,0,0,0,10,Zodarion.elegans
8,zodarion,cursorial,temperate,0,182,0,0,0,0,0,182,Zodarion.frenatum
8,zodarion,cursorial,temperate,0,1,0,0,0,0,0,1,Zodarion.fuscum
8,zodarion,cursorial,temperate,0,1,0,0,0,0,0,1,Zodarion.gallicum
8,zodarion,cursorial,temperate,0.304636097,55,0,0,0,5,0,50,Zodarion.germanicum
8,zodarion,cursorial,temperate,0,30,0,0,0,0,0,30,Zodarion.hamatum
8,zodarion,cursorial,temperate,0,30,0,0,0,0,0,30,Zodarion.italicum
8,zodarion,cursorial,temperate,0,210,0,0,0,0,0,210,Zodarion.jozefinae
8,zodarion,cursorial,subtropical,0,1,0,0,0,0,0,1,Zodarion.kabylianum
8,zodarion,cursorial,temperate,0,5,0,0,0,0,0,5,Zodarion.lutipes
8,zodarion,cursorial,temperate,0,10,0,0,0,0,0,10,Zodarion.maculatum
8,zodarion,cursorial,subtropical,0,1,0,0,0,0,0,1,Zodarion.nesiotoides
8,zodarion,cursorial,temperate,0,5,0,0,0,0,0,5,Zodarion.nigriceps
8,zodarion,cursorial,subtropical,0,3,0,0,0,0,0,3,Zodarion.nitidum
8,zodarion,cursorial,temperate,0,24,0,0,0,0,0,24,Zodarion.raddei
8,zodarion,cursorial,temperate,0,94,0,0,0,0,0,94,Zodarion.rubidum
8,zodarion,cursorial,temperate,0,57,0,0,0,0,0,57,Zodarion.styliferum
8,zodarion,cursorial,temperate,0,1,0,0,0,0,0,1,Zodarion.vicinum
8,acacesia,web,cosmopolitan,1.494175138,8,0,0,0,0,1,0,Acacesia.hamata
8,acacesia,web,tropical,0,1,0,0,0,0,1,0,Acacesia.sp
8,acanthapeira,web,temperate,1.544637972,108,32,1,0,0,3,1,Acanthapeira.stellata
8,aculepeira,web,temperate,0.680648025,211,175,0,0,0,0,0,Aculepeira.ceropegia
8,alpaida,web,tropical,1.498185935,444,180,0,0,0,0,0,Alpaida.tuonabo
8,alpaida,web,tropical,1.080410959,79,23,0,0,0,0,0,Alpaida.variabilis
8,alpaida,web,tropical,1.427061043,9,1,0,0,0,1,0,Alpaida.veniliae
8,araneus,web,temperate,2.04645285,33,0,1,0,0,3,1,Araneus.bicentenarius
8,araneus,web,temperate,1.419118702,778,492,1,1,0,4,2,Araneus.diadematus
8,araneus,web,temperate,1.167772272,1247,728,1,0,0,10,0,Araneus.marmoreus
8,araneus,web,temperate,1.872675787,47,16,0,0,0,4,0,Araneus.pinguis
8,araneus,web,temperate,1.127059355,2242,1500,1,0,0,0,0,Araneus.quadratus
8,araneus,web,temperate,1.874954013,24,0,1,0,0,3,0,Araneus.trifolium
8,araniella,web,temperate,1.36381406,77,47,1,1,0,0,1,Araniella.cucurbitina
8,araniella,web,temperate,1.500747551,117,0,1,0,0,38,0,Araniella.opistographa
8,argiope,web,temperate,1.524139268,469,16,1,0,0,40,0,Argiope.amoena
8,argiope,web,cosmopolitan,1.655657181,3148,1726,6,0,29,22,474,Argiope.argentata
8,argiope,web,temperate,2.20988455,733,67,1,0,0,148,16,Argiope.aurantia
8,argiope,web,temperate,0.850887493,905,729,1,0,0,5,0,Argiope.bruennichi
8,argiope,web,cosmopolitan,1.791759469,6,2,1,0,0,0,0,Argiope.lobata
8,argiope,web,tropical,1.467070884,266,167,1,0,0,1,29,Argiope.savignyi
8,argiope,web,cosmopolitan,2.015407773,456,40,3,0,0,71,1,Argiope.trifasciata
8,arkys,web,subtropical,0,4,4,0,0,0,0,0,Arkys.nitidiceps
8,aspidolasius,web,tropical,2.165475317,116,35,3,0,0,5,4,Aspidolasius.branicki
8,celaenia,web,temperate,0,1,0,0,0,0,1,0,Celaenia.calotoides
8,celaenia,web,temperate,0.129740695,35,1,0,0,0,34,0,Celaenia.excavata
8,cladomelea,web,subtropical,0,40,0,0,0,0,40,0,Cladomelea.akermani
8,cyclosa,web,tropical,2.054552375,486,100,7,0,0,1,65,Cyclosa.caroli
8,cyclosa,web,temperate,1.293929828,99,33,0,0,0,0,0,Cyclosa.conica
8,cyclosa,web,temperate,0.775111638,208,151,0,0,0,0,0,Cyclosa.octotuberculata
8,cyclosa,web,subtropical,1.423986726,181,17,0,0,0,0,2,Cyclosa.turbinata
8,cyrtarachne,web,temperate,0.628799394,31,10,0,0,0,21,0,Cyrtarachne.sp
8,cyrtophora,web,tropical,1.053977144,99,5,5,0,0,15,0,Cyrtophora.moluccensis
8,eriophora,web,cosmopolitan,1.080161519,58,5,0,0,0,37,0,Eriophora.edax
8,eriophora,web,tropical,1.214845432,2570,1921,3,0,3,50,176,Eriophora.fuliginea
8,eriophora,web,temperate,1.699015696,991,606,6,2,0,21,66,Eriophora.pustulosa
8,eriophora,web,tropical,1.262876288,103,30,0,0,0,45,0,Eriophora.transmarina
8,gasteracantha,web,cosmopolitan,1.973954276,400,145,2,0,0,4,34,Gasteracantha.cancriformis
8,gea,web,tropical,1.247131403,149,23,0,0,0,0,17,Gea.heptagon
8,chorizopes,web,tropical,0,5,0,5,0,0,0,0,Chorizopes.sp
8,kaira,web,subtropical,0,140,0,0,0,0,140,0,Kaira.alba
8,larinioides,web,temperate,0.752090745,1535,1279,1,0,0,2,0,Larinioides.cornutus
8,mangora,web,temperate,1.127483235,16,10,0,0,0,0,0,Mangora.acalypha
8,mangora,web,temperate,1.186321916,13,4,0,0,0,1,0,Mangora.gibberosa
8,mastophora,web,subtropical,0,131,0,0,0,0,131,0,Mastophora.bisaccata
8,mastophora,web,subtropical,0,34,0,0,0,0,34,0,Mastophora.cornigera
8,mastophora,web,tropical,0,513,0,0,0,0,513,0,Mastophora.dizzydeani
8,mastophora,web,subtropical,0,460,0,0,0,0,460,0,Mastophora.hutchinsoni
8,mastophora,web,subtropical,0,5,0,0,0,0,5,0,Mastophora.phrynosoma
8,mecynogea,web,cosmopolitan,1.820576518,152,11,0,0,0,9,37,Mecynogea.lemniscata
8,metepeira,web,temperate,1.766889386,288,12,0,0,0,5,29,Metepeira.labyrinthea
8,metepeira,web,subtropical,0.425466172,114,103,0,0,0,1,0,Metepeira.spinipes
8,micrathena,web,temperate,0.906492148,225,159,0,0,0,0,0,Micrathena.gracilis
8,micrathena,web,tropical,1.487670329,385,122,0,0,0,0,170,Micrathena.schreibersi
8,neoarchemorus,web,subtropical,0,1,1,0,0,0,0,0,Neoarchemorus.speechleyi
8,neoscona,web,subtropical,1.895347447,184,29,0,0,0,11,4,Neoscona.arabesca
8,neoscona,web,temperate,1.913548428,21,0,0,0,0,4,1,Neoscona.domiciliorum
8,neoscona,web,subtropical,1.443124009,186,0,0,0,0,9,0,Neoscona.mellotteei
8,neoscona,web,temperate,0.950270539,5,3,0,0,0,0,0,Neoscona.pratensis
8,neoscona,web,subtropical,1.346556471,267,0,0,0,0,19,0,Neoscona.punctigera
8,neoscona,web,temperate,1.217146416,73,0,0,0,0,11,0,Neoscona.scylla
8,neoscona,web,subtropical,1.58322264,25,0,0,0,0,5,0,Neoscona.scylloides
8,neoscona,web,tropical,1.84046375,849,178,0,0,0,306,0,Neoscona.theisi
8,ocrepeira,web,temperate,0.885574152,11,0,0,0,0,0,1,Ocrepeira.ectypa
8,ordgarius,web,subtropical,0,1,0,0,0,0,1,0,Ordgarius.magnificus
8,ordgarius,web,tropical,0,1,0,0,0,0,1,0,Ordgarius.sexspinosus
8,paraplectana,web,tropical,0,1,0,0,0,0,1,0,Paraplectana.sp
8,paraplectanoides,web,subtropical,1.098612289,3,0,0,0,0,0,0,Paraplectanoides.crassipes
8,parawixia,web,subtropical,1.677294547,17,4,0,0,1,4,1,Parawixia.bistriata
8,pasilobus,web,tropical,0.228631874,33,0,0,0,0,31,0,Pasilobus.sp
8,poecilopachys,web,subtropical,0,1,0,0,0,0,1,0,Poecilopachys.sp
8,poltys,web,subtropical,1.098612289,3,1,0,0,0,1,0,Poltys.laciniosus
8,pycnacantha,web,tropical,0,1,0,0,0,0,1,0,Pycnacantha.tribulus
8,scoloderus,web,tropical,0.627437034,212,0,0,0,0,144,0,Scoloderus.cordatus
8,taczanowskia,web,tropical,0,1,0,0,0,0,1,0,Taczanowskia.sp
8,zygiella,web,temperate,1.051635953,795,122,1,0,0,0,0,Zygiella.x-notata
11,bathyphantes,web,temperate,0.858985319,193,4,2,0,0,0,0,Bathyphantes.gracilis
11,bathyphantes,web,temperate,0.514869785,165,14,0,0,0,0,0,Bathyphantes.simillimus
11,collinsia,web,temperate,0.956841501,34,1,0,0,0,0,0,Collinsia.inerrans
11,diplostyla,web,temperate,1.386294361,4,1,0,0,0,0,0,Diplostyla.concolor
11,erigone,web,temperate,1.118648557,53,7,0,0,0,0,0,Erigone.atra
11,erigone,web,temperate,1.377821178,113,15,0,0,0,0,0,Erigone.dentipalpis
11,frontinella,web,temperate,1.00118885,29,1,2,0,0,0,1,Frontinella.communis
11,frontinellina,web,temperate,1.453068488,146,28,0,0,0,0,3,Frontinellina.frutetorum
11,kratochviliella,web,temperate,0.693147181,2,0,0,0,0,0,0,Kratochviliella.bicapitata
11,linyphia,web,temperate,1.822203431,179,55,1,0,0,16,10,Linyphia.sp
11,linyphia,web,temperate,1.735881985,136,16,1,0,0,0,25,Linyphia.triangularis
11,meioneta,web,temperate,1.48316009,345,24,0,0,0,0,0,Meioneta.rurestris
11,neriene,web,temperate,0.893672146,70,10,0,0,0,0,1,Neriene.clathrata
11,neriene,web,temperate,0.935225396,128,36,0,0,0,0,2,Neriene.radiata
11,oedothorax,web,temperate,0.936888308,9,3,0,0,0,0,0,Oedothorax.apicatus
11,oedothorax,web,temperate,0.693147181,6,0,0,0,0,0,0,Oedothorax.fuscus
11,prinerigone,web,cosmopolitan,0.687092027,13,1,0,0,0,0,0,Prinerigone.vagans
11,tenuiphantes,web,temperate,0.17325249,1148,8,0,0,0,0,0,Tenuiphantes.tenuis
11,thyreosthenius,web,temperate,1.098612289,3,2,0,0,0,0,0,Thyreosthenius.biovatus
11,ummeliata,web,temperate,0,100,0,0,0,0,0,0,Ummeliata.insecticeps
11,walckenaeria,web,temperate,0,12,0,12,0,0,0,0,Walckenaeria.sp
11,anelosimus,web,tropical,2.279162013,582,12,12,0,6,41,89,Anelosimus.eximius
11,anelosimus,web,tropical,1.806681451,314,29,1,0,1,2,92,Anelosimus.jucundus
11,anelosimus,web,tropical,1.61,879,88,0,0,1,25,50,Anelosimus.baeza
11,argyrodes,web,tropical,0,18,0,18,0,0,0,0,Argyrodes.fissifrons
11,argyrodes,web,subtropical,0,6,0,6,0,0,0,0,Argyrodes.incursus
11,ariamnes,web,tropical,1.273028337,27,18,6,0,0,0,0,Ariamnes.attentuatus
11,ariamnes,web,subtropical,0,1,0,1,0,0,0,0,Ariamnes.colubrinus
11,asagena,web,temperate,0,10,0,0,0,0,0,10,Asagena.fulva
11,asagena,web,temperate,0,8,0,0,0,0,0,8,Asagena.phalerata
11,asagena,web,temperate,0,1,0,0,0,0,0,1,Asagena.pulcher
11,cryptachaea,web,temperate,1.936211881,648,39,16,2,0,0,243,Cryptachaea.riparia
11,cryptachaea,web,temperate,0.179045172,12485,12158,36,29,0,36,74,Cryptachaea.veruculata
11,dipoena,web,temperate,0,1,0,0,0,0,0,1,Dipoena.nigra
11,dipoena,web,temperate,0,23,0,0,0,0,0,23,Dipoena.punctisparsa
11,dipoena,web,temperate,0,5,0,0,0,0,0,5,Dipoena.torva
11,enoplognatha,web,temperate,0.636514168,3,1,2,0,0,0,0,Enoplognatha.ovata
11,episinus,web,temperate,0,1,0,0,0,0,0,1,Episinus.amoenus
11,episinus,web,temperate,0,3,0,0,0,0,0,3,Episinus.maculipes
11,episinus,web,subtropical,0,1,0,0,0,0,0,1,Euryopis.californica
11,euryopis,web,temperate,0,10,0,0,0,0,0,10,Euryopis.coki
11,euryopis,web,temperate,0,4,0,0,0,0,0,4,Euryopis.episinoides
11,euryopis,web,temperate,0,10,0,0,0,0,0,10,Euryopis.flavomaculata
11,euryopis,web,temperate,0,3,0,0,0,0,0,3,Euryopis.formosa
11,euryopis,web,temperate,0,5,0,0,0,0,0,5,Euryopis.funebris
11,euryopis,web,temperate,0,1,0,0,0,0,0,1,Euryopis.scriptipes
11,euryopis,web,subtropical,0,1,0,0,0,0,0,1,Euryopis.texana
11,helvibis,web,tropical,1.408287332,60,44,0,0,0,0,8,Helvibis.longicauda
11,chrosiothes,web,temperate,0,169,0,0,0,169,0,0,Chrosiothes.portalensis
11,chrosiothes,web,subtropical,0,60,0,0,0,60,0,0,Chrosiothes.tonala
11,chrysso,web,tropical,0.636514168,9,9,0,0,0,0,0,Chrysso.intervales
11,kochiura,web,temperate,0,1,0,0,0,0,0,1,Kochiura.aulica
11,latrodectus,web,temperate,0.943348392,10,0,0,0,4,0,5,Latrodectus.hesperus
11,latrodectus,web,temperate,1.083233919,1291,0,64,316,0,0,13,Latrodectus.lilianae
11,latrodectus,web,temperate,0.743265896,976,1,2,1,0,1,195,Latrodectus.mactans
11,latrodectus,web,temperate,1.390437795,14,0,2,0,0,0,5,Latrodectus.pallidus
11,latrodectus,web,temperate,1.359236701,20,0,0,2,0,0,10,Latrodectus.revivensis
11,latrodectus,web,temperate,2.041436726,43,2,5,4,0,0,6,Latrodectus.tredecimguttatus
11,neospintharus,web,temperate,0,4,0,4,0,0,0,0,Neospintharus.baboquivari
11,neospintharus,web,temperate,0,16,0,16,0,0,0,0,Neospintharus.trigonum
11,neottiura,web,temperate,1.386294361,4,1,0,0,0,0,0,Neottiura.bimaculata
11,nesticodes,web,tropical,1.098612289,3,1,0,0,0,0,0,Nesticodes.rufipes
11,parasteatoda,web,cosmopolitan,1.098612289,3,0,1,0,0,0,1,Parasteatoda.tepidariorum
11,parasteatoda,web,tropical,2.362497729,177,23,3,0,0,1,12,Parasteatoda.tesselata
11,phoroncidia,web,tropical,0,4,4,0,0,0,0,0,Phoroncidia.studo
11,phycosoma,web,temperate,0.163023629,26,0,0,0,0,0,25,Phycosoma.mustelinum
11,phylloneta,web,temperate,1.45,1926,524,9,0,0,16,30,Phylloneta.impressa
11,phylloneta,web,temperate,1.282395305,300,51,2,0,0,16,0,Phylloneta.sisyphia
11,platnickina,web,temperate,0,1,0,1,0,0,0,0,Platnickina.sterninotata
11,platnickina,web,temperate,0.463413559,16,0,14,0,0,0,1,Platnickina.tincta
11,romphaea,web,subtropical,0,6,0,6,0,0,0,0,Romphaea.sp
11,steatoda,web,temperate,1.980061874,34,5,4,5,0,5,6,Steatoda.bipunctata
11,steatoda,web,subtropical,2.302585093,10,2,1,0,0,1,0,Steatoda.dhruvai
11,steatoda,web,cosmopolitan,0.742127923,100,1,2,84,0,5,3,Steatoda.grossa
11,steatoda,web,temperate,1.747868097,7,1,0,0,0,1,0,Steatoda.paykulliana
11,steatoda,web,cosmopolitan,0,62,0,0,0,0,0,62,Steatoda.triangulosa
11,theridion,web,subtropical,0.687092027,13,0,0,0,0,0,2,Theridion.australe
11,theridion,web,tropical,2.096352579,16,6,1,0,0,2,0,Theridion.evexum
11,theridion,web,tropical,1.223399179,172,86,0,0,0,0,0,Theridion.grallator
11,theridion,web,temperate,1.767463083,230,105,4,0,0,4,12,Theridion.pictum
11,theridion,web,temperate,0.693147181,2,0,1,0,0,0,1,Theridion.varians
11,theridion,web,temperate,1.386294361,40,20,0,0,0,0,0,Theridion.murarium
11,tidarren,web,subtropical,0.752974683,17,0,0,0,0,0,4,Tidarren.haemorrhoidale
11,yaginumena,web,temperate,0,27,0,0,0,0,0,27,Yaginumena.castrata
11,mysmenopsis,cursorial,tropical,1.386294361,4,1,0,0,0,0,1,Mysmenopsis.furtiva
11,theridiosoma,web,temperate,0.693147181,10,5,0,0,0,0,0,Theridiosoma.sp
10,herennia,web,subtropical,0.693147181,2,1,1,0,0,0,0,Herennia.multipuncta
10,nephila,web,cosmopolitan,1.532027069,6269,3918,19,0,25,44,766,Nephila.clavipes
10,nephila,web,tropical,1.672727073,6001,575,1,0,0,1441,74,Nephila.pilipes
10,nephila,web,subtropical,1.116389723,102,60,1,0,0,3,0,Nephila.plumipes
10,doryonychus,web,subtropical,1.182223002,15,12,0,0,0,0,0,Doryonychus.raptor
10,leucage,web,subtropical,2.027725083,531,86,0,0,0,68,62,Leucage.magnifica
10,leucage,web,subtropical,1.980116617,288,146,0,0,0,4,46,Leucage.mariana
10,leucage,web,cosmopolitan,1.447155222,390,207,13,0,0,1,0,Leucage.venusta
10,menosira,web,subtropical,0.693147181,2,1,1,0,0,0,0,Menosira.ornata
10,meta,web,temperate,1.7677785,382,18,32,171,0,3,1,Meta.menardi
10,meta,web,temperate,0.420523922,87,80,1,0,0,1,0,Meta.reticuloides
10,metellina,web,temperate,1.791759469,6,0,1,1,0,0,1,Metellina.merianae
10,metellina,web,temperate,1.172775069,349,84,1,0,0,0,6,Metellina.segmentata
10,metleucage,web,temperate,0.381884398,5039,4622,5,0,0,0,0,Metleucauge.kompirensis
10,metleucage,web,temperate,0.466531856,659,560,0,0,0,1,0,Metleucauge.yunohamensis
10,pachygnatha,web,temperate,1.475076311,7,2,3,0,0,0,0,Pachygnatha.degeeri
10,tetragnatha,web,subtropical,0.817194278,61,52,0,0,0,3,0,Tetragnatha.eurychasma
10,tetragnatha,web,temperate,0.759219488,330,271,0,0,0,0,0,Tetragnatha.extensa
10,tetragnatha,web,subtropical,1.200497832,32,18,0,0,0,4,0,Tetragnatha.filiciphilia
10,tetragnatha,web,tropical,1.728529249,989,238,0,0,0,407,0,Tetragnatha.javana
10,tetragnatha,web,temperate,1.513723009,144,47,0,0,0,1,3,Tetragnatha.laboriosa
10,tetragnatha,web,temperate,0.89027943,502,444,2,0,0,0,0,Tetragnatha.montana
10,tetragnatha,web,temperate,0.298181403,229,220,0,0,0,0,1,Tetragnatha.praedonia
10,tetragnatha,web,temperate,0,1,1,0,0,0,0,0,Tetragnatha.reimoseri
10,tetragnatha,web,temperate,1.189946734,54,6,0,0,0,7,0,Tetragnatha.squamata
10,tetragnatha,web,subtropical,0.73628912,58,12,0,0,0,45,0,Tetragnatha.stelarobusta
10,tylorida,web,tropical,0,1,0,0,0,0,1,0,Tylorida.sp
8,avella,cursorial,subtropical,0.344598248,24,0,0,0,0,0,0,Avella.unifasciata
8,deinopis,web,subtropical,1.830476744,57,1,7,0,0,0,21,Deinopis.subrufa
8,miagrammopes,web,tropical,1.660907936,41,13,0,0,0,1,15,Miagrammopes.intempus
8,miagrammopes,web,tropical,1.791759469,6,2,0,0,0,1,0,Miagrammopes.sp
8,octonoba,web,subtropical,1.386294361,4,2,0,0,1,0,0,Octonoba.sinensis
8,philoponella,web,tropical,1.609437912,5,2,0,0,0,0,1,Philoponella.republicana
8,philoponella,web,tropical,1.42490015,180,9,0,0,0,26,0,Philoponella.sp
8,uloborus,web,temperate,0.39238414,50,2,0,0,0,0,3,Uloborus.glomosus
8,uloborus,web,subtropical,1.710749925,91,31,0,0,1,1,19,Uloborus.sp
7,eriauchenius,cursorial,tropical,0,1,0,1,0,0,0,0,Eriauchenius.jeanneli
7,eriauchenius,cursorial,tropical,0,3,0,3,0,0,0,0,Eriauchenius.workmani
7,palpimanus,cursorial,temperate,0.306880531,499,5,466,0,9,0,0,Palpimanus.gibbulus
7,palpimanus,cursorial,temperate,0,2,0,2,0,0,0,0,Palpimanus.orientalis
7,palpimanus,cursorial,tropical,0.154913925,67,1,65,0,0,1,0,Palpimanus.sp
7,palpimanus,cursorial,subtropical,0,18,0,18,0,0,0,0,Palpimanus.stridulator
6,australomimetus,cursorial,subtropical,0.055546075,101,1,100,0,0,0,0,Australomimetus.maculosus
6,ero,cursorial,temperate,0,3,0,3,0,0,0,0,Ero.aphana
6,ero,cursorial,temperate,0,4,0,4,0,0,0,0,Ero.furcata
6,ero,cursorial,temperate,0,1,0,1,0,0,0,0,Ero.tuberculata
6,mimetus,cursorial,temperate,1.351191092,87,15,46,0,0,1,0,Mimetus.notius
6,mimetus,cursorial,temperate,0.777462132,16,5,11,0,0,0,0,Mimetus.puritanus
6,mimetus,cursorial,subtropical,0,62,0,62,0,0,0,0,Mimetus.sp
6,eresus,web,temperate,1.219894032,281,2,0,0,0,0,90,Eresus.kollari
6,eresus,web,temperate,2.046612461,132,1,5,1,0,1,10,Eresus.sp
6,seothyra,web,subtropical,0.51258167,1584,0,0,0,0,0,1253,Seothyra.henscheli
6,stegodyphus,web,subtropical,2.191369829,462,55,5,0,0,14,18,Stegodyphus.manicatus
6,stegodyphus,web,subtropical,1.471488286,1068,83,0,0,0,263,1,Stegodyphus.sarasinorum
6,oecobius,web,cosmopolitan,0,1,0,0,0,0,0,1,Oecobius.cellariorum
6,oecobius,web,cosmopolitan,1.19,146,19,1,0,1,0,101,Oecobius.navus
6,oecobius,web,subtropical,0,10,0,0,0,0,0,10,Oecobius.templi
6,oecobius,web,tropical,0.79631164,14,0,0,0,0,2,10,Oecobius.sp
6,paroecobius,web,subtropical,0,1,0,0,0,0,0,1,Paroecobius.sp
6,uroctea,web,temperate,1.43205908,103,20,0,0,0,0,59,Uroctea.durandi
7,caponia,cursorial,subtropical,0,1,0,0,0,1,0,0,Caponia.sp
7,orthonops,cursorial,temperate,0.286835983,12,1,11,0,0,0,0,Orthonops.sp
9,dasumia,cursorial,temperate,2.397895273,11,2,0,0,0,1,0,Dasumia.carpatica
9,dysdera,cursorial,cosmopolitan,1.906154747,8,2,1,2,0,0,0,Dysdera.crocata
9,dysdera,cursorial,subtropical,1.63008574,32,10,7,0,0,5,0,Dysdera.dentichelis
9,dysdera,cursorial,temperate,1.040839837,16,1,2,10,0,0,0,Dysdera.dubrovninnii
9,dysdera,cursorial,temperate,1.09440863,20,3,2,13,0,0,0,Dysdera.erythrina
9,dysdera,cursorial,temperate,0.900256051,16,4,0,10,0,2,0,Dysdera.spinicrus
9,harpactea,cursorial,temperate,1.83437197,10,1,2,0,0,1,0,Harpactea.hombergi
9,harpactea,cursorial,temperate,1.347476407,26,5,14,0,0,0,1,Harpactea.rubicunda
9,tedia,cursorial,subtropical,0,10,0,0,10,0,0,0,Tedia.abdominalis
9,triaeris,cursorial,subtropical,0.367649477,22,0,0,0,1,0,0,Triaeris.stenaspis
8,segestria,web,temperate,2.079441542,8,0,1,0,0,1,0,Segestria.florentina
8,segestria,web,temperate,1.945910149,7,1,1,0,0,0,1,Segestria.senoculata
9,diguetia,web,temperate,1.232401298,130,1,1,1,0,84,1,Diguetia.mojavea
9,plectreurys,cursorial,temperate,1.609437912,5,0,0,0,0,1,1,Plectreurys.tristis
8,crossopriza,web,cosmopolitan,0.867563228,60,40,20,0,0,0,0,Crossopriza.lyoni
8,pholcus,web,temperate,2.079441542,16,4,2,0,0,2,2,Pholcus.muraricola
8,pholcus,web,cosmopolitan,1.005292727,825,9,113,13,0,5,625,Pholcus.phalangioides
8,physocyclus,web,cosmopolitan,1.609437912,5,1,1,0,1,0,1,Physocyclus.globosus
8,smeringopus,web,tropical,1.386294361,4,1,0,0,1,0,1,Smeringopus.sambesicus
9,scytodes,cursorial,tropical,1.643708619,111,61,19,0,1,12,2,Scytodes.longipes
9,scytodes,cursorial,tropical,0.831570355,120,10,97,0,0,3,0,Scytodes.pallida
9,scytodes,cursorial,subtropical,1.609437912,5,1,1,0,0,1,0,Scytodes.sp
9,loxosceles,cursorial,subtropical,1.92720731,349,39,4,84,3,0,93,Loxosceles.intermedia
8,telema,web,subtropical,0,5,5,0,0,0,0,0,Telema.sp
5,filistata,web,temperate,1.098612289,3,0,0,1,0,0,1,Filistata.sp
5,pritha,web,temperate,1.811614447,3292,1183,1,0,2,56,53,Pritha.nana
3,progradungula,web,subtropical,0,5,0,0,0,0,5,0,Progradungula.carraiensis
2,hypochilus,web,temperate,0.673011667,5,0,2,0,0,0,0,Hypochilus.coylei
2,hypochilus,web,temperate,1.609437912,5,1,0,0,0,0,0,Hypochilus.gertschi
2,hypochilus,web,temperate,0.686961577,9,0,4,0,0,0,0,Hypochilus.sheari
3,aliatypus,cursorial,temperate,1.945934776,13,1,1,1,0,1,1,Aliatypus.sp
3,atypus,cursorial,temperate,1.721167777,31,4,0,1,0,0,2,Atypus.affinis
3,sphodros,cursorial,temperate,1.787003709,44,0,6,11,0,1,7,Sphodros.abboti
3,sphodros,cursorial,temperate,1.6439415,37,0,4,2,0,1,4,Sphodros.rufipes
6,ummidia,cursorial,temperate,1.386294361,4,0,0,0,0,1,0,Ummidia.sp
6,misgolas,cursorial,subtropical,1.173875876,284,0,3,0,0,0,152,Misgolas.rapax
5,acanthoscurria,cursorial,tropical,1.769036161,18,0,3,1,0,0,0,Acanthoscurria.atrox
5,aphonopelma,cursorial,temperate,1.408923429,44,0,7,0,0,2,0,Aphonopelma.hentzi
5,aphonopelma,cursorial,temperate,1.609437912,5,0,1,0,0,0,0,Aphonopelma.iodius
5,aphonopelma,cursorial,temperate,1.945910149,7,0,1,0,0,0,1,Aphonopelma.joshua
5,aphonopelma,cursorial,temperate,1.791759469,6,0,1,0,0,0,1,Aphonopelma.mojave
4,acanthogonatus,cursorial,subtropical,1.877729905,34,1,5,0,0,0,6,Acanthogonatus.francki
4,nemesia,cursorial,temperate,1.12753479,14,0,1,0,1,0,9,Nemesia.caementaria
4,nemesia,cursorial,temperate,0,1,0,0,0,0,0,1,Nemesia.congener
4,euagrus,web,subtropical,1.945910149,7,0,0,0,0,1,1,Euagrus.mexicanus
4,ischnothele,web,subtropical,1.086645663,1030,0,30,10,10,0,690,Ischnothele.sp
4,thelechoris,web,tropical,1.098612289,3,0,0,0,0,0,1,Thelechoris.striatipes
4,macrothele,cursorial,temperate,1.279614859,62,1,1,0,0,1,25,Macrothele.calpeiana
4,porrhothele,cursorial,temperate,1.814962066,345,3,10,79,0,13,0,Porrhothele.antipodiana
